precision,recall,AP
0.8297029702953868,0.8674948240147671,0.7197630322009261
