precision,recall,AP
0.12836927223715353,0.5763993948554064,0.07399197083552421
