precision,recall,AP
0.44052044609624486,0.7170953101350724,0.3158951459142272
