precision,recall,AP
0.956621004564026,0.8674948240147671,0.8298637700030994
