precision,recall,AP
0.9020979020957993,0.8012422360231859,0.7227989401870633
