precision,recall,AP
0.683157894736123,0.9818456883494979,0.8023927824791052
