precision,recall,AP
0.6127508854774347,0.7851739788187819,0.4811160507750492
