precision,recall,AP
0.9178082191762861,0.9710144927516128,0.9458870554040378
