precision,recall,AP
0.9126760563367428,0.9803328290454155,0.7925361210182803
