precision,recall,AP
0.9714285714265889,0.9855072463747713,0.983367412305457
