precision,recall,AP
0.9924698795165776,0.9969742813903223,0.9949568370586743
