precision,recall,AP
0.8747663551385518,0.9689440993768759,0.9316397344301433
